keyword,sentiment_mean,sentiment_std,subjectivity_mean,subjectivity_std,counting
'heat climate change',0.3820950183092339,0.671906542593653,-0.09980424866971253,0.8850628770145621,3.0
'heat wave',-0.4984286095340799,0.24378165155016604,0.4314064783932027,0.599785410513516,5.0
'warm spell',0.6068936428359957,0.7168558643793687,-0.1743906310592456,0.7416003424253712,2.0
