topic,sentiment_mean,sentiment_std,subjectivity_mean,subjectivity_std,counting
Causes,0.3820950183092339,0.671906542593653,-0.09980424866971253,0.8850628770145621,3.0
Hazard,-0.18262225171405838,0.6451019659089148,0.2583215899782175,0.6472007478368392,7.0
