week,sentiment_mean,sentiment_std,subjectivity_mean,subjectivity_std,counting
2025-40,1.1533557619984087,1.0,-1.1207511298475215,1.0,1.0
2025-41,0.02784992784992784,1.0,0.6092352092352092,1.0,1.0
2025-42,0.06944444444444445,1.0,0.37083333333333335,1.0,1.0
2025-43,0.011742424242424242,0.12481506061853453,0.4002525252525253,0.07106780275561762,2.0
2025-44,-0.5766778809992043,0.06823290553395497,0.5603755649237611,0.34040469652790467,2.0
