keyword,sentiment_mean,sentiment_std,subjectivity_mean,subjectivity_std,counting
'heat climate change',0.3820950183092339,0.671906542593653,-0.09980424866971253,0.8850628770145621,3.0
'heat wave',-0.3751686113828269,0.35234332961300746,0.5766621130275771,0.24234981670416253,3.0
'warm spell',0.1,1.0,0.35000000000000003,1.0,1.0
