topic,sentiment_mean,sentiment_std,subjectivity_mean,subjectivity_std,counting
Adaptation,0.3763104351615218,1.0,-0.8187204542736367,1.0,1.0
Causes,0.07085581134628362,0.8029392427415641,0.11058924179806638,0.8259088568811654,65.0
Hazard,-0.03320379782403551,0.7739065866214206,0.07223499826977914,0.7042353154500182,32.0
Impacts,-0.7115623876065476,0.5785336431800933,-0.5624489438388321,0.7409855092109449,5.0
Mitigation,-0.23971449859383664,0.660076654446869,0.21224309766598784,0.5715321525168192,21.0
