topic,sentiment_mean,sentiment_std,subjectivity_mean,subjectivity_std,counting
Causes,0.3820950183092339,0.671906542593653,-0.09980424866971253,0.8850628770145621,3.0
Hazard,-0.25637645853712016,0.37310880932071894,0.5199965847706828,0.22803410009958083,4.0
