week,sentiment_mean,sentiment_std,subjectivity_mean,subjectivity_std,counting
2025-40,1.1335715238352,0.027979137931629164,-0.9097661959830063,0.2983777549275878,2.0
2025-41,-0.8207277037655188,1.0,1.1454927355559406,1.0,1.0
2025-42,-0.14953837915400936,0.1926736475122756,0.08720728663196148,0.4626874858296043,3.0
2025-43,0.011742424242424242,0.12481506061853453,0.4002525252525253,0.07106780275561762,2.0
2025-44,-0.5766778809992043,0.06823290553395497,0.5603755649237611,0.34040469652790467,2.0
